<?xml version="1.0" encoding="utf-8"?>
<component name="customItem" extends="group">
    <script type="text/brightscript" uri="customItem.brs"/>
    <script type="text/brightscript" uri="../../source/common.brs"/>
    <script type="text/brightscript" uri="../../source/utils.brs"/>
    <interface>
        <field id="itemContent" type="node" onChange="onContentChange"/>
    </interface>
    <children>
        <rectangle id="rectangle">
            <label id="label" color="#000000" horizAlign="center" vertAlign="center" font="font:MediumBoldSystemFont" />
        </rectangle> 
    </children>
</component>